{"mtx": [[485.6403779894946, -2.637887064162619, 621.4410982912369], [0.0, 483.03288332405174, 357.1391690487276], [0.0, 0.0, 1.0]], "dist": [[-0.04485000899400182], [0.19442451070189118], [-0.13635162251521613], [0.15060995882411032]]}